X,Y,Test or train,Raw prediction,Cumulative prediction,Cloglog prediction
10.35323,43.83703,train,2.818558075350853E-4,42.08844794850222,0.6450857121192288
10.35294,43.83712,train,2.780878117482909E-4,41.31269874222839,0.6401366092708936
10.35496,43.83656,train,2.8799293793548914E-4,43.07367406511185,0.6530012832864345
